{
  "project_info": {
    "project_number": "313075224851",
    "project_id": "fir-connection-5be55",
    "storage_bucket": "fir-connection-5be55.appspot.com"
  },
  "client": [
    {
      "client_info": {
        "mobilesdk_app_id": "1:313075224851:android:dadd2c6d64db40d244cae6",
        "android_client_info": {
          "package_name": "com.code.zila.maishainfotechTask"
        }
      },
      "oauth_client": [
        {
          "client_id": "313075224851-ivt7i7ipfb9hfuikvps2ge24u39m1580.apps.googleusercontent.com",
          "client_type": 3
        }
      ],
      "api_key": [
        {
          "current_key": "AIzaSyA_m0d1GevZTgxWKrdjVuybYSF8tIM6koY"
        }
      ],
      "services": {
        "appinvite_service": {
          "other_platform_oauth_client": [
            {
              "client_id": "313075224851-ivt7i7ipfb9hfuikvps2ge24u39m1580.apps.googleusercontent.com",
              "client_type": 3
            }
          ]
        }
      }
    },
    {
      "client_info": {
        "mobilesdk_app_id": "1:313075224851:android:e8a2355f428d96d844cae6",
        "android_client_info": {
          "package_name": "com.example.infotechprojact"
        }
      },
      "oauth_client": [
        {
          "client_id": "313075224851-ivt7i7ipfb9hfuikvps2ge24u39m1580.apps.googleusercontent.com",
          "client_type": 3
        }
      ],
      "api_key": [
        {
          "current_key": "AIzaSyA_m0d1GevZTgxWKrdjVuybYSF8tIM6koY"
        }
      ],
      "services": {
        "appinvite_service": {
          "other_platform_oauth_client": [
            {
              "client_id": "313075224851-ivt7i7ipfb9hfuikvps2ge24u39m1580.apps.googleusercontent.com",
              "client_type": 3
            }
          ]
        }
      }
    }
  ],
  "configuration_version": "1"
}